{"cameraMode":{"drawMode":0,"name":"Shaded","section":"Shading Mode"},"sceneLighting":false,"audioPlay":false,"sceneViewState":{"m_AlwaysRefresh":false,"showFog":true,"showSkybox":false,"showFlares":true,"showImageEffects":true,"showParticleSystems":true,"showVisualEffectGraphs":true,"m_FxEnabled":true},"in2DMode":false,"pivot":{"x":-1.4901161193847657e-7,"y":0.13117772340774537,"z":0.007222682237625122},"rotation":{"x":-0.05123956501483917,"y":0.15722790360450746,"z":-0.008167690597474575,"w":-0.9862028956413269},"size":0.5460899472236633,"orthographic":false}