{"cameraMode":{"drawMode":0,"name":"Shaded","section":"Shading Mode"},"sceneLighting":false,"audioPlay":false,"sceneViewState":{"m_AlwaysRefresh":false,"showFog":true,"showSkybox":false,"showFlares":true,"showImageEffects":true,"showParticleSystems":true,"showVisualEffectGraphs":true,"m_FxEnabled":true},"in2DMode":false,"pivot":{"x":0.2397676706314087,"y":-0.6456929445266724,"z":-0.04225564002990723},"rotation":{"x":-0.1802239716053009,"y":-0.21381759643554688,"z":0.04017303138971329,"w":-0.9592781662940979},"size":0.8660253882408142,"orthographic":false}