{"cameraMode":{"drawMode":0,"name":"Shaded","section":"Shading Mode"},"sceneLighting":false,"audioPlay":false,"sceneViewState":{"m_AlwaysRefresh":false,"showFog":true,"showSkybox":false,"showFlares":true,"showImageEffects":true,"showParticleSystems":true,"showVisualEffectGraphs":true,"m_FxEnabled":true},"in2DMode":false,"pivot":{"x":-1.7136335372924806e-7,"y":0.09248208999633789,"z":0.11331474781036377},"rotation":{"x":-0.05123956501483917,"y":0.15722790360450746,"z":-0.008167690597474575,"w":-0.9862028956413269},"size":0.4979415237903595,"orthographic":false}