{"cameraMode":{"drawMode":0,"name":"Shaded","section":"Shading Mode"},"sceneLighting":false,"audioPlay":false,"sceneViewState":{"m_AlwaysRefresh":false,"showFog":true,"showSkybox":false,"showFlares":true,"showImageEffects":true,"showParticleSystems":true,"showVisualEffectGraphs":true,"m_FxEnabled":true},"in2DMode":false,"pivot":{"x":9.524232864379883,"y":0.46780964732170107,"z":3.9450764656066896},"rotation":{"x":0.136360764503479,"y":0.06651932746171951,"z":-0.009176877327263356,"w":0.9883818626403809},"size":2.375600814819336,"orthographic":false}