{"cameraMode":{"drawMode":0,"name":"Shaded","section":"Shading Mode"},"sceneLighting":false,"audioPlay":false,"sceneViewState":{"m_AlwaysRefresh":false,"showFog":true,"showSkybox":false,"showFlares":true,"showImageEffects":true,"showParticleSystems":true,"showVisualEffectGraphs":true,"m_FxEnabled":true},"in2DMode":false,"pivot":{"x":-0.3923117518424988,"y":0.4085852801799774,"z":0.4413487911224365},"rotation":{"x":0.007724329363554716,"y":0.9621703028678894,"z":0.027429280802607538,"w":-0.27095574140548708},"size":0.710911214351654,"orthographic":false}