{"cameraMode":{"drawMode":0,"name":"Shaded","section":"Shading Mode"},"sceneLighting":false,"audioPlay":false,"sceneViewState":{"m_AlwaysRefresh":false,"showFog":true,"showSkybox":false,"showFlares":true,"showImageEffects":true,"showParticleSystems":true,"showVisualEffectGraphs":true,"m_FxEnabled":true},"in2DMode":false,"pivot":{"x":0.00007295608520507813,"y":0.992340624332428,"z":1.6509265899658204},"rotation":{"x":-0.2022668868303299,"y":0.7967230081558228,"z":-0.42456355690956118,"w":-0.3795683979988098},"size":1.4659972190856934,"orthographic":false}