{"cameraMode":{"drawMode":0,"name":"Shaded","section":"Shading Mode"},"sceneLighting":false,"audioPlay":false,"sceneViewState":{"m_AlwaysRefresh":false,"showFog":true,"showSkybox":false,"showFlares":true,"showImageEffects":true,"showParticleSystems":true,"showVisualEffectGraphs":true,"m_FxEnabled":true},"in2DMode":false,"pivot":{"x":-14.505290985107422,"y":-0.5696072578430176,"z":-11.865307807922364},"rotation":{"x":-0.02461610548198223,"y":0.7968117594718933,"z":-0.03253541886806488,"w":-0.6028518676757813},"size":16.761173248291017,"orthographic":false}