{"cameraMode":{"drawMode":0,"name":"Shaded","section":"Shading Mode"},"sceneLighting":false,"audioPlay":false,"sceneViewState":{"m_AlwaysRefresh":false,"showFog":true,"showSkybox":false,"showFlares":true,"showImageEffects":true,"showParticleSystems":true,"showVisualEffectGraphs":true,"m_FxEnabled":true},"in2DMode":false,"pivot":{"x":0.2771562933921814,"y":0.09479176998138428,"z":-1.7253410816192628},"rotation":{"x":0.14575238525867463,"y":-0.8098524808883667,"z":0.2264893800020218,"w":0.5211610794067383},"size":3.9101641178131105,"orthographic":false}