{"cameraMode":{"drawMode":0,"name":"Shaded","section":"Shading Mode"},"sceneLighting":false,"audioPlay":false,"sceneViewState":{"m_AlwaysRefresh":false,"showFog":true,"showSkybox":false,"showFlares":true,"showImageEffects":true,"showParticleSystems":true,"showVisualEffectGraphs":true,"m_FxEnabled":true},"in2DMode":false,"pivot":{"x":-6.470119476318359,"y":0.09000003337860108,"z":-16.089820861816408},"rotation":{"x":-0.02461610548198223,"y":0.7968117594718933,"z":-0.03253541886806488,"w":-0.6028518676757813},"size":3.7853217124938967,"orthographic":false}