{"cameraMode":{"drawMode":0,"name":"Shaded","section":"Shading Mode"},"sceneLighting":false,"audioPlay":false,"sceneViewState":{"m_AlwaysRefresh":false,"showFog":true,"showSkybox":false,"showFlares":true,"showImageEffects":true,"showParticleSystems":true,"showVisualEffectGraphs":true,"m_FxEnabled":true},"in2DMode":false,"pivot":{"x":-4.616949081420898,"y":-0.222991943359375,"z":1.1162681579589844},"rotation":{"x":0.12304826825857163,"y":0.8571796417236328,"z":-0.24056614935398103,"w":0.43844202160835268},"size":14.467262268066407,"orthographic":false}