{"cameraMode":{"drawMode":0,"name":"Shaded","section":"Shading Mode"},"sceneLighting":true,"audioPlay":false,"sceneViewState":{"m_AlwaysRefresh":false,"showFog":true,"showSkybox":true,"showFlares":true,"showImageEffects":true,"showParticleSystems":true,"showVisualEffectGraphs":true,"m_FxEnabled":true},"in2DMode":false,"pivot":{"x":-2.7937867641448976,"y":0.6727390885353088,"z":21.69631576538086},"rotation":{"x":-0.11482244729995728,"y":0.8636528849601746,"z":-0.2281879484653473,"w":-0.43458515405654909},"size":1.2247449159622193,"orthographic":false}