{"cameraMode":{"drawMode":0,"name":"Shaded","section":"Shading Mode"},"sceneLighting":false,"audioPlay":false,"sceneViewState":{"m_AlwaysRefresh":false,"showFog":true,"showSkybox":false,"showFlares":true,"showImageEffects":true,"showParticleSystems":true,"showVisualEffectGraphs":true,"m_FxEnabled":true},"in2DMode":false,"pivot":{"x":1.7011332511901856,"y":-0.3505847454071045,"z":3.118872880935669},"rotation":{"x":-0.048318129032850268,"y":0.9212096333503723,"z":-0.12146525830030441,"w":-0.36645179986953738},"size":5.628627777099609,"orthographic":false}