{"cameraMode":{"drawMode":0,"name":"Shaded","section":"Shading Mode"},"sceneLighting":false,"audioPlay":false,"sceneViewState":{"m_AlwaysRefresh":false,"showFog":true,"showSkybox":false,"showFlares":true,"showImageEffects":true,"showParticleSystems":true,"showVisualEffectGraphs":true,"m_FxEnabled":true},"in2DMode":false,"pivot":{"x":-0.8455246686935425,"y":1.2053680419921876,"z":3.6164603233337404},"rotation":{"x":0.05152475833892822,"y":0.9464166164398193,"z":-0.25522592663764956,"w":0.19105997681617738},"size":0.8660253882408142,"orthographic":false}