{"cameraMode":{"drawMode":0,"name":"Shaded","section":"Shading Mode"},"sceneLighting":false,"audioPlay":false,"sceneViewState":{"m_AlwaysRefresh":false,"showFog":true,"showSkybox":false,"showFlares":true,"showImageEffects":true,"showParticleSystems":true,"showVisualEffectGraphs":true,"m_FxEnabled":true},"in2DMode":false,"pivot":{"x":-0.06691296398639679,"y":0.15968722105026246,"z":-0.000004064291715621948},"rotation":{"x":-0.05123956501483917,"y":0.15722790360450746,"z":-0.008167690597474575,"w":-0.9862028956413269},"size":0.34304702281951907,"orthographic":false}